year,muni_code,muni_name,in_migrants,out_migrants,net_migration,fetched_at
2020,13101,千代田区,7238,6380,858,2026-08-26T02:21:59.511924+00:00
2020,13102,中央区,15387,14400,987,2026-08-26T02:21:59.511924+00:00
2020,13103,港区,20934,22938,-2004,2026-08-26T02:21:59.511924+00:00
2020,13104,新宿区,35733,38090,-2357,2026-08-26T02:21:59.511924+00:00
2020,13105,文京区,18488,18318,170,2026-08-26T02:21:59.511924+00:00
2020,13106,台東区,18919,17357,1562,2026-08-26T02:21:59.511924+00:00
2020,13107,墨田区,21199,20412,787,2026-08-26T02:21:59.511924+00:00
2020,13108,江東区,36253,31643,4610,2026-08-26T02:21:59.511924+00:00
2020,13109,品川区,32438,28400,4038,2026-08-26T02:21:59.511924+00:00
2020,13110,目黒区,23287,23879,-592,2026-08-26T02:21:59.511924+00:00
2020,13111,大田区,44136,43703,433,2026-08-26T02:21:59.511924+00:00
2020,13112,世田谷区,59494,57627,1867,2026-08-26T02:21:59.511924+00:00
2020,13113,渋谷区,22341,21672,669,2026-08-26T02:21:59.511924+00:00
2020,13114,中野区,31558,31209,349,2026-08-26T02:21:59.511924+00:00
2020,13115,杉並区,41635,41555,80,2026-08-26T02:21:59.511924+00:00
2020,13116,豊島区,28109,29785,-1676,2026-08-26T02:21:59.511924+00:00
2020,13117,北区,26482,26086,396,2026-08-26T02:21:59.511924+00:00
2020,13118,荒川区,15225,15160,65,2026-08-26T02:21:59.511924+00:00
2020,13119,板橋区,37314,36527,787,2026-08-26T02:21:59.511924+00:00
2020,13120,練馬区,44828,43049,1779,2026-08-26T02:21:59.511924+00:00
2020,13121,足立区,35607,33343,2264,2026-08-26T02:21:59.511924+00:00
2020,13122,葛飾区,24227,23506,721,2026-08-26T02:21:59.511924+00:00
2020,13123,江戸川区,34957,37716,-2759,2026-08-26T02:21:59.511924+00:00
2020,13201,八王子市,23425,21652,1773,2026-08-26T02:21:59.511924+00:00
2020,13202,立川市,10822,9834,988,2026-08-26T02:21:59.511924+00:00
2020,13203,武蔵野市,10686,10125,561,2026-08-26T02:21:59.511924+00:00
2020,13204,三鷹市,12991,11185,1806,2026-08-26T02:21:59.511924+00:00
2020,13205,青梅市,4320,4178,142,2026-08-26T02:21:59.511924+00:00
2020,13206,府中市,13910,13432,478,2026-08-26T02:21:59.511924+00:00
2020,13207,昭島市,5429,4939,490,2026-08-26T02:21:59.511924+00:00
2020,13208,調布市,14152,13315,837,2026-08-26T02:21:59.511924+00:00
2020,13209,町田市,17063,15373,1690,2026-08-26T02:21:59.511924+00:00
2020,13210,小金井市,9238,7745,1493,2026-08-26T02:21:59.511924+00:00
2020,13211,小平市,10842,9705,1137,2026-08-26T02:21:59.511924+00:00
2020,13212,日野市,9267,8481,786,2026-08-26T02:21:59.511924+00:00
2020,13213,東村山市,7098,6119,979,2026-08-26T02:21:59.511924+00:00
2020,13214,国分寺市,8983,7392,1591,2026-08-26T02:21:59.511924+00:00
2020,13215,国立市,4789,4539,250,2026-08-26T02:21:59.511924+00:00
2020,13218,福生市,2993,3364,-371,2026-08-26T02:21:59.511924+00:00
2020,13219,狛江市,4713,4619,94,2026-08-26T02:21:59.511924+00:00
2020,13220,東大和市,3389,3110,279,2026-08-26T02:21:59.511924+00:00
2020,13221,清瀬市,3818,3089,729,2026-08-26T02:21:59.511924+00:00
2020,13222,東久留米市,5391,4738,653,2026-08-26T02:21:59.511924+00:00
2020,13223,武蔵村山市,2606,2803,-197,2026-08-26T02:21:59.511924+00:00
2020,13224,多摩市,6447,6230,217,2026-08-26T02:21:59.511924+00:00
2020,13225,稲城市,4655,4032,623,2026-08-26T02:21:59.511924+00:00
2020,13227,羽村市,2154,2689,-535,2026-08-26T02:21:59.511924+00:00
2020,13228,あきる野市,2663,2604,59,2026-08-26T02:21:59.511924+00:00
2020,13229,西東京市,11777,10340,1437,2026-08-26T02:21:59.511924+00:00
2020,13303,瑞穂町,1228,1228,0,2026-08-26T02:21:59.511924+00:00
2020,13305,日の出町,643,506,137,2026-08-26T02:21:59.511924+00:00
2020,13307,檜原村,103,50,53,2026-08-26T02:21:59.511924+00:00
2020,13308,奥多摩町,222,111,111,2026-08-26T02:21:59.511924+00:00
2020,13361,大島町,454,520,-66,2026-08-26T02:21:59.511924+00:00
2020,13362,利島村,43,48,-5,2026-08-26T02:21:59.511924+00:00
2020,13363,新島村,88,120,-32,2026-08-26T02:21:59.511924+00:00
2020,13364,神津島村,94,112,-18,2026-08-26T02:21:59.511924+00:00
2020,13381,三宅村,172,178,-6,2026-08-26T02:21:59.511924+00:00
2020,13382,御蔵島村,26,31,-5,2026-08-26T02:21:59.511924+00:00
2020,13401,八丈町,375,388,-13,2026-08-26T02:21:59.511924+00:00
2020,13402,青ヶ島村,27,29,-2,2026-08-26T02:21:59.511924+00:00
2020,13421,小笠原村,279,331,-52,2026-08-26T02:21:59.511924+00:00
2021,13101,千代田区,7295,7470,-175,2026-08-26T02:21:59.511924+00:00
2021,13102,中央区,16256,15797,459,2026-08-26T02:21:59.511924+00:00
2021,13103,港区,22223,23054,-831,2026-08-26T02:21:59.511924+00:00
2021,13104,新宿区,35713,37898,-2185,2026-08-26T02:21:59.511924+00:00
2021,13105,文京区,19166,18973,193,2026-08-26T02:21:59.511924+00:00
2021,13106,台東区,19608,18425,1183,2026-08-26T02:21:59.511924+00:00
2021,13107,墨田区,22547,21582,965,2026-08-26T02:21:59.511924+00:00
2021,13108,江東区,34528,33108,1420,2026-08-26T02:21:59.511924+00:00
2021,13109,品川区,29289,31584,-2295,2026-08-26T02:21:59.511924+00:00
2021,13110,目黒区,22008,24745,-2737,2026-08-26T02:21:59.511924+00:00
2021,13111,大田区,43076,45393,-2317,2026-08-26T02:21:59.511924+00:00
2021,13112,世田谷区,57564,59964,-2400,2026-08-26T02:21:59.511924+00:00
2021,13113,渋谷区,21620,22428,-808,2026-08-26T02:21:59.511924+00:00
2021,13114,中野区,30618,31755,-1137,2026-08-26T02:21:59.511924+00:00
2021,13115,杉並区,40887,43362,-2475,2026-08-26T02:21:59.511924+00:00
2021,13116,豊島区,27029,29641,-2612,2026-08-26T02:21:59.511924+00:00
2021,13117,北区,26964,27085,-121,2026-08-26T02:21:59.511924+00:00
2021,13118,荒川区,15897,15706,191,2026-08-26T02:21:59.511924+00:00
2021,13119,板橋区,37640,37349,291,2026-08-26T02:21:59.511924+00:00
2021,13120,練馬区,43809,43204,605,2026-08-26T02:21:59.511924+00:00
2021,13121,足立区,36403,34106,2297,2026-08-26T02:21:59.511924+00:00
2021,13122,葛飾区,25130,23988,1142,2026-08-26T02:21:59.511924+00:00
2021,13123,江戸川区,34432,37913,-3481,2026-08-26T02:21:59.511924+00:00
2021,13201,八王子市,24359,20796,3563,2026-08-26T02:21:59.511924+00:00
2021,13202,立川市,10943,9633,1310,2026-08-26T02:21:59.511924+00:00
2021,13203,武蔵野市,10666,10072,594,2026-08-26T02:21:59.511924+00:00
2021,13204,三鷹市,12096,11345,751,2026-08-26T02:21:59.511924+00:00
2021,13205,青梅市,4394,4141,253,2026-08-26T02:21:59.511924+00:00
2021,13206,府中市,13729,13012,717,2026-08-26T02:21:59.511924+00:00
2021,13207,昭島市,5627,4785,842,2026-08-26T02:21:59.511924+00:00
2021,13208,調布市,14125,13574,551,2026-08-26T02:21:59.511924+00:00
2021,13209,町田市,18990,15520,3470,2026-08-26T02:21:59.511924+00:00
2021,13210,小金井市,8581,7684,897,2026-08-26T02:21:59.511924+00:00
2021,13211,小平市,10333,9906,427,2026-08-26T02:21:59.511924+00:00
2021,13212,日野市,9369,8590,779,2026-08-26T02:21:59.511924+00:00
2021,13213,東村山市,7133,6152,981,2026-08-26T02:21:59.511924+00:00
2021,13214,国分寺市,8647,7507,1140,2026-08-26T02:21:59.511924+00:00
2021,13215,国立市,4845,4499,346,2026-08-26T02:21:59.511924+00:00
2021,13218,福生市,3135,3464,-329,2026-08-26T02:21:59.511924+00:00
2021,13219,狛江市,4594,4585,9,2026-08-26T02:21:59.511924+00:00
2021,13220,東大和市,3467,3148,319,2026-08-26T02:21:59.511924+00:00
2021,13221,清瀬市,3686,3212,474,2026-08-26T02:21:59.511924+00:00
2021,13222,東久留米市,5251,4550,701,2026-08-26T02:21:59.511924+00:00
2021,13223,武蔵村山市,2828,2619,209,2026-08-26T02:21:59.511924+00:00
2021,13224,多摩市,6335,6442,-107,2026-08-26T02:21:59.511924+00:00
2021,13225,稲城市,4725,3887,838,2026-08-26T02:21:59.511924+00:00
2021,13227,羽村市,2635,2451,184,2026-08-26T02:21:59.511924+00:00
2021,13228,あきる野市,2924,2467,457,2026-08-26T02:21:59.511924+00:00
2021,13229,西東京市,10496,9928,568,2026-08-26T02:21:59.511924+00:00
2021,13303,瑞穂町,1261,1198,63,2026-08-26T02:21:59.511924+00:00
2021,13305,日の出町,690,456,234,2026-08-26T02:21:59.511924+00:00
2021,13307,檜原村,114,72,42,2026-08-26T02:21:59.511924+00:00
2021,13308,奥多摩町,185,114,71,2026-08-26T02:21:59.511924+00:00
2021,13361,大島町,425,474,-49,2026-08-26T02:21:59.511924+00:00
2021,13362,利島村,55,29,26,2026-08-26T02:21:59.511924+00:00
2021,13363,新島村,104,137,-33,2026-08-26T02:21:59.511924+00:00
2021,13364,神津島村,94,96,-2,2026-08-26T02:21:59.511924+00:00
2021,13381,三宅村,210,198,12,2026-08-26T02:21:59.511924+00:00
2021,13382,御蔵島村,38,48,-10,2026-08-26T02:21:59.511924+00:00
2021,13401,八丈町,363,376,-13,2026-08-26T02:21:59.511924+00:00
2021,13402,青ヶ島村,25,21,4,2026-08-26T02:21:59.511924+00:00
2021,13421,小笠原村,282,310,-28,2026-08-26T02:21:59.511924+00:00
2022,13101,千代田区,7627,7719,-92,2026-08-26T02:21:59.511924+00:00
2022,13102,中央区,15943,15026,917,2026-08-26T02:21:59.511924+00:00
2022,13103,港区,23243,22289,954,2026-08-26T02:21:59.511924+00:00
2022,13104,新宿区,35134,37923,-2789,2026-08-26T02:21:59.511924+00:00
2022,13105,文京区,19284,18182,1102,2026-08-26T02:21:59.511924+00:00
2022,13106,台東区,21001,18540,2461,2026-08-26T02:21:59.511924+00:00
2022,13107,墨田区,25259,21705,3554,2026-08-26T02:21:59.511924+00:00
2022,13108,江東区,38247,32711,5536,2026-08-26T02:21:59.511924+00:00
2022,13109,品川区,30255,30012,243,2026-08-26T02:21:59.511924+00:00
2022,13110,目黒区,23305,23124,181,2026-08-26T02:21:59.511924+00:00
2022,13111,大田区,45379,44286,1093,2026-08-26T02:21:59.511924+00:00
2022,13112,世田谷区,56977,57326,-349,2026-08-26T02:21:59.511924+00:00
2022,13113,渋谷区,20989,21225,-236,2026-08-26T02:21:59.511924+00:00
2022,13114,中野区,30117,30379,-262,2026-08-26T02:21:59.511924+00:00
2022,13115,杉並区,40561,40135,426,2026-08-26T02:21:59.511924+00:00
2022,13116,豊島区,29398,28263,1135,2026-08-26T02:21:59.511924+00:00
2022,13117,北区,27908,26295,1613,2026-08-26T02:21:59.511924+00:00
2022,13118,荒川区,15808,15529,279,2026-08-26T02:21:59.511924+00:00
2022,13119,板橋区,37642,36193,1449,2026-08-26T02:21:59.511924+00:00
2022,13120,練馬区,43832,42747,1085,2026-08-26T02:21:59.511924+00:00
2022,13121,足立区,37630,34456,3174,2026-08-26T02:21:59.511924+00:00
2022,13122,葛飾区,26154,24136,2018,2026-08-26T02:21:59.511924+00:00
2022,13123,江戸川区,34946,37018,-2072,2026-08-26T02:21:59.511924+00:00
2022,13201,八王子市,24125,20964,3161,2026-08-26T02:21:59.511924+00:00
2022,13202,立川市,11136,10079,1057,2026-08-26T02:21:59.511924+00:00
2022,13203,武蔵野市,9898,9954,-56,2026-08-26T02:21:59.511924+00:00
2022,13204,三鷹市,10651,11145,-494,2026-08-26T02:21:59.511924+00:00
2022,13205,青梅市,4617,4058,559,2026-08-26T02:21:59.511924+00:00
2022,13206,府中市,13091,13188,-97,2026-08-26T02:21:59.511924+00:00
2022,13207,昭島市,5687,4870,817,2026-08-26T02:21:59.511924+00:00
2022,13208,調布市,13641,12793,848,2026-08-26T02:21:59.511924+00:00
2022,13209,町田市,18510,15726,2784,2026-08-26T02:21:59.511924+00:00
2022,13210,小金井市,7757,7814,-57,2026-08-26T02:21:59.511924+00:00
2022,13211,小平市,11322,9636,1686,2026-08-26T02:21:59.511924+00:00
2022,13212,日野市,8923,8580,343,2026-08-26T02:21:59.511924+00:00
2022,13213,東村山市,6951,5926,1025,2026-08-26T02:21:59.511924+00:00
2022,13214,国分寺市,8202,7536,666,2026-08-26T02:21:59.511924+00:00
2022,13215,国立市,4599,4557,42,2026-08-26T02:21:59.511924+00:00
2022,13218,福生市,3242,3128,114,2026-08-26T02:21:59.511924+00:00
2022,13219,狛江市,4519,4506,13,2026-08-26T02:21:59.511924+00:00
2022,13220,東大和市,3260,3224,36,2026-08-26T02:21:59.511924+00:00
2022,13221,清瀬市,3489,3187,302,2026-08-26T02:21:59.511924+00:00
2022,13222,東久留米市,5179,4625,554,2026-08-26T02:21:59.511924+00:00
2022,13223,武蔵村山市,2698,2730,-32,2026-08-26T02:21:59.511924+00:00
2022,13224,多摩市,7335,5954,1381,2026-08-26T02:21:59.511924+00:00
2022,13225,稲城市,4528,4020,508,2026-08-26T02:21:59.511924+00:00
2022,13227,羽村市,2619,2625,-6,2026-08-26T02:21:59.511924+00:00
2022,13228,あきる野市,2906,2495,411,2026-08-26T02:21:59.511924+00:00
2022,13229,西東京市,10805,10010,795,2026-08-26T02:21:59.511924+00:00
2022,13303,瑞穂町,1304,1186,118,2026-08-26T02:21:59.511924+00:00
2022,13305,日の出町,652,482,170,2026-08-26T02:21:59.511924+00:00
2022,13307,檜原村,73,43,30,2026-08-26T02:21:59.511924+00:00
2022,13308,奥多摩町,173,158,15,2026-08-26T02:21:59.511924+00:00
2022,13361,大島町,467,474,-7,2026-08-26T02:21:59.511924+00:00
2022,13362,利島村,37,49,-12,2026-08-26T02:21:59.511924+00:00
2022,13363,新島村,115,136,-21,2026-08-26T02:21:59.511924+00:00
2022,13364,神津島村,100,139,-39,2026-08-26T02:21:59.511924+00:00
2022,13381,三宅村,153,176,-23,2026-08-26T02:21:59.511924+00:00
2022,13382,御蔵島村,24,28,-4,2026-08-26T02:21:59.511924+00:00
2022,13401,八丈町,408,390,18,2026-08-26T02:21:59.511924+00:00
2022,13402,青ヶ島村,32,33,-1,2026-08-26T02:21:59.511924+00:00
2022,13421,小笠原村,330,331,-1,2026-08-26T02:21:59.511924+00:00
2023,13101,千代田区,7364,7188,176,2026-08-26T02:21:59.511924+00:00
2023,13102,中央区,15747,14692,1055,2026-08-26T02:21:59.511924+00:00
2023,13103,港区,24000,21465,2535,2026-08-26T02:21:59.511924+00:00
2023,13104,新宿区,34849,37153,-2304,2026-08-26T02:21:59.511924+00:00
2023,13105,文京区,19129,17761,1368,2026-08-26T02:21:59.511924+00:00
2023,13106,台東区,21963,18368,3595,2026-08-26T02:21:59.511924+00:00
2023,13107,墨田区,25140,21337,3803,2026-08-26T02:21:59.511924+00:00
2023,13108,江東区,37530,32591,4939,2026-08-26T02:21:59.511924+00:00
2023,13109,品川区,32376,28471,3905,2026-08-26T02:21:59.511924+00:00
2023,13110,目黒区,23368,22440,928,2026-08-26T02:21:59.511924+00:00
2023,13111,大田区,49391,43392,5999,2026-08-26T02:21:59.511924+00:00
2023,13112,世田谷区,57584,54028,3556,2026-08-26T02:21:59.511924+00:00
2023,13113,渋谷区,21212,20345,867,2026-08-26T02:21:59.511924+00:00
2023,13114,中野区,31000,29335,1665,2026-08-26T02:21:59.511924+00:00
2023,13115,杉並区,41216,39445,1771,2026-08-26T02:21:59.511924+00:00
2023,13116,豊島区,28320,28356,-36,2026-08-26T02:21:59.511924+00:00
2023,13117,北区,28859,25778,3081,2026-08-26T02:21:59.511924+00:00
2023,13118,荒川区,16618,15210,1408,2026-08-26T02:21:59.511924+00:00
2023,13119,板橋区,40342,35816,4526,2026-08-26T02:21:59.511924+00:00
2023,13120,練馬区,44642,41420,3222,2026-08-26T02:21:59.511924+00:00
2023,13121,足立区,38769,34237,4532,2026-08-26T02:21:59.511924+00:00
2023,13122,葛飾区,26816,24469,2347,2026-08-26T02:21:59.511924+00:00
2023,13123,江戸川区,36780,35819,961,2026-08-26T02:21:59.511924+00:00
2023,13201,八王子市,23425,21788,1637,2026-08-26T02:21:59.511924+00:00
2023,13202,立川市,11189,10029,1160,2026-08-26T02:21:59.511924+00:00
2023,13203,武蔵野市,9815,9816,-1,2026-08-26T02:21:59.511924+00:00
2023,13204,三鷹市,11110,10653,457,2026-08-26T02:21:59.511924+00:00
2023,13205,青梅市,4723,4314,409,2026-08-26T02:21:59.511924+00:00
2023,13206,府中市,13780,13049,731,2026-08-26T02:21:59.511924+00:00
2023,13207,昭島市,5467,4806,661,2026-08-26T02:21:59.511924+00:00
2023,13208,調布市,13417,12640,777,2026-08-26T02:21:59.511924+00:00
2023,13209,町田市,17545,15522,2023,2026-08-26T02:21:59.511924+00:00
2023,13210,小金井市,7573,7657,-84,2026-08-26T02:21:59.511924+00:00
2023,13211,小平市,10298,9819,479,2026-08-26T02:21:59.511924+00:00
2023,13212,日野市,9261,8473,788,2026-08-26T02:21:59.511924+00:00
2023,13213,東村山市,6625,5917,708,2026-08-26T02:21:59.511924+00:00
2023,13214,国分寺市,8163,7371,792,2026-08-26T02:21:59.511924+00:00
2023,13215,国立市,4445,4416,29,2026-08-26T02:21:59.511924+00:00
2023,13218,福生市,3426,3167,259,2026-08-26T02:21:59.511924+00:00
2023,13219,狛江市,4271,4532,-261,2026-08-26T02:21:59.511924+00:00
2023,13220,東大和市,3661,3020,641,2026-08-26T02:21:59.511924+00:00
2023,13221,清瀬市,3558,3148,410,2026-08-26T02:21:59.511924+00:00
2023,13222,東久留米市,4958,4520,438,2026-08-26T02:21:59.511924+00:00
2023,13223,武蔵村山市,2845,2669,176,2026-08-26T02:21:59.511924+00:00
2023,13224,多摩市,6401,6087,314,2026-08-26T02:21:59.511924+00:00
2023,13225,稲城市,4355,3952,403,2026-08-26T02:21:59.511924+00:00
2023,13227,羽村市,2688,2660,28,2026-08-26T02:21:59.511924+00:00
2023,13228,あきる野市,2960,2507,453,2026-08-26T02:21:59.511924+00:00
2023,13229,西東京市,10386,9827,559,2026-08-26T02:21:59.511924+00:00
2023,13303,瑞穂町,1375,1177,198,2026-08-26T02:21:59.511924+00:00
2023,13305,日の出町,702,515,187,2026-08-26T02:21:59.511924+00:00
2023,13307,檜原村,81,55,26,2026-08-26T02:21:59.511924+00:00
2023,13308,奥多摩町,188,153,35,2026-08-26T02:21:59.511924+00:00
2023,13361,大島町,466,522,-56,2026-08-26T02:21:59.511924+00:00
2023,13362,利島村,42,46,-4,2026-08-26T02:21:59.511924+00:00
2023,13363,新島村,160,153,7,2026-08-26T02:21:59.511924+00:00
2023,13364,神津島村,71,86,-15,2026-08-26T02:21:59.511924+00:00
2023,13381,三宅村,189,202,-13,2026-08-26T02:21:59.511924+00:00
2023,13382,御蔵島村,36,38,-2,2026-08-26T02:21:59.511924+00:00
2023,13401,八丈町,413,374,39,2026-08-26T02:21:59.511924+00:00
2023,13402,青ヶ島村,36,46,-10,2026-08-26T02:21:59.511924+00:00
2023,13421,小笠原村,312,304,8,2026-08-26T02:21:59.511924+00:00
2024,13101,千代田区,6794,7159,-365,2026-08-26T02:21:59.511924+00:00
2024,13102,中央区,22963,14458,8505,2026-08-26T02:21:59.511924+00:00
2024,13103,港区,21053,21808,-755,2026-08-26T02:21:59.511924+00:00
2024,13104,新宿区,34580,37565,-2985,2026-08-26T02:21:59.511924+00:00
2024,13105,文京区,19630,17846,1784,2026-08-26T02:21:59.511924+00:00
2024,13106,台東区,21635,19406,2229,2026-08-26T02:21:59.511924+00:00
2024,13107,墨田区,24543,22716,1827,2026-08-26T02:21:59.511924+00:00
2024,13108,江東区,36847,34784,2063,2026-08-26T02:21:59.511924+00:00
2024,13109,品川区,32880,28774,4106,2026-08-26T02:21:59.511924+00:00
2024,13110,目黒区,23591,21977,1614,2026-08-26T02:21:59.511924+00:00
2024,13111,大田区,50519,43752,6767,2026-08-26T02:21:59.511924+00:00
2024,13112,世田谷区,58676,53464,5212,2026-08-26T02:21:59.511924+00:00
2024,13113,渋谷区,20255,19869,386,2026-08-26T02:21:59.511924+00:00
2024,13114,中野区,31199,29424,1775,2026-08-26T02:21:59.511924+00:00
2024,13115,杉並区,42258,38882,3376,2026-08-26T02:21:59.511924+00:00
2024,13116,豊島区,28450,29359,-909,2026-08-26T02:21:59.511924+00:00
2024,13117,北区,29346,26614,2732,2026-08-26T02:21:59.511924+00:00
2024,13118,荒川区,17315,16213,1102,2026-08-26T02:21:59.511924+00:00
2024,13119,板橋区,41295,36027,5268,2026-08-26T02:21:59.511924+00:00
2024,13120,練馬区,45595,40981,4614,2026-08-26T02:21:59.511924+00:00
2024,13121,足立区,40619,34568,6051,2026-08-26T02:21:59.511924+00:00
2024,13122,葛飾区,26925,24725,2200,2026-08-26T02:21:59.511924+00:00
2024,13123,江戸川区,38147,35940,2207,2026-08-26T02:21:59.511924+00:00
2024,13201,八王子市,23106,21518,1588,2026-08-26T02:21:59.511924+00:00
2024,13202,立川市,10916,9746,1170,2026-08-26T02:21:59.511924+00:00
2024,13203,武蔵野市,9968,9637,331,2026-08-26T02:21:59.511924+00:00
2024,13204,三鷹市,11305,10358,947,2026-08-26T02:21:59.511924+00:00
2024,13205,青梅市,4936,4179,757,2026-08-26T02:21:59.511924+00:00
2024,13206,府中市,13743,12260,1483,2026-08-26T02:21:59.511924+00:00
2024,13207,昭島市,6136,4657,1479,2026-08-26T02:21:59.511924+00:00
2024,13208,調布市,13397,12395,1002,2026-08-26T02:21:59.511924+00:00
2024,13209,町田市,17907,15522,2385,2026-08-26T02:21:59.511924+00:00
2024,13210,小金井市,7820,7225,595,2026-08-26T02:21:59.511924+00:00
2024,13211,小平市,10049,9630,419,2026-08-26T02:21:59.511924+00:00
2024,13212,日野市,9991,8328,1663,2026-08-26T02:21:59.511924+00:00
2024,13213,東村山市,6771,5977,794,2026-08-26T02:21:59.511924+00:00
2024,13214,国分寺市,8165,7247,918,2026-08-26T02:21:59.511924+00:00
2024,13215,国立市,4724,4196,528,2026-08-26T02:21:59.511924+00:00
2024,13218,福生市,3461,3497,-36,2026-08-26T02:21:59.511924+00:00
2024,13219,狛江市,4724,4497,227,2026-08-26T02:21:59.511924+00:00
2024,13220,東大和市,3346,2888,458,2026-08-26T02:21:59.511924+00:00
2024,13221,清瀬市,3965,3119,846,2026-08-26T02:21:59.511924+00:00
2024,13222,東久留米市,4965,4386,579,2026-08-26T02:21:59.511924+00:00
2024,13223,武蔵村山市,2740,2624,116,2026-08-26T02:21:59.511924+00:00
2024,13224,多摩市,7071,6054,1017,2026-08-26T02:21:59.511924+00:00
2024,13225,稲城市,4260,3982,278,2026-08-26T02:21:59.511924+00:00
2024,13227,羽村市,2544,2666,-122,2026-08-26T02:21:59.511924+00:00
2024,13228,あきる野市,2897,2470,427,2026-08-26T02:21:59.511924+00:00
2024,13229,西東京市,10238,9744,494,2026-08-26T02:21:59.511924+00:00
2024,13303,瑞穂町,1388,1179,209,2026-08-26T02:21:59.511924+00:00
2024,13305,日の出町,594,487,107,2026-08-26T02:21:59.511924+00:00
2024,13307,檜原村,86,73,13,2026-08-26T02:21:59.511924+00:00
2024,13308,奥多摩町,197,139,58,2026-08-26T02:21:59.511924+00:00
2024,13361,大島町,423,491,-68,2026-08-26T02:21:59.511924+00:00
2024,13362,利島村,32,41,-9,2026-08-26T02:21:59.511924+00:00
2024,13363,新島村,133,132,1,2026-08-26T02:21:59.511924+00:00
2024,13364,神津島村,96,106,-10,2026-08-26T02:21:59.511924+00:00
2024,13381,三宅村,172,192,-20,2026-08-26T02:21:59.511924+00:00
2024,13382,御蔵島村,42,34,8,2026-08-26T02:21:59.511924+00:00
2024,13401,八丈町,359,400,-41,2026-08-26T02:21:59.511924+00:00
2024,13402,青ヶ島村,37,32,5,2026-08-26T02:21:59.511924+00:00
2024,13421,小笠原村,246,361,-115,2026-08-26T02:21:59.511924+00:00
2025,13101,千代田区,6879,6930,-51,2026-08-26T02:21:59.511924+00:00
2025,13102,中央区,17552,15605,1947,2026-08-26T02:21:59.511924+00:00
2025,13103,港区,20933,21298,-365,2026-08-26T02:21:59.511924+00:00
2025,13104,新宿区,34561,38337,-3776,2026-08-26T02:21:59.511924+00:00
2025,13105,文京区,18703,18036,667,2026-08-26T02:21:59.511924+00:00
2025,13106,台東区,20713,20745,-32,2026-08-26T02:21:59.511924+00:00
2025,13107,墨田区,23425,22591,834,2026-08-26T02:21:59.511924+00:00
2025,13108,江東区,34899,33888,1011,2026-08-26T02:21:59.511924+00:00
2025,13109,品川区,31468,28775,2693,2026-08-26T02:21:59.511924+00:00
2025,13110,目黒区,22561,21630,931,2026-08-26T02:21:59.511924+00:00
2025,13111,大田区,49683,43950,5733,2026-08-26T02:21:59.511924+00:00
2025,13112,世田谷区,57646,51866,5780,2026-08-26T02:21:59.511924+00:00
2025,13113,渋谷区,19440,20234,-794,2026-08-26T02:21:59.511924+00:00
2025,13114,中野区,30716,30792,-76,2026-08-26T02:21:59.511924+00:00
2025,13115,杉並区,42206,38210,3996,2026-08-26T02:21:59.511924+00:00
2025,13116,豊島区,27056,29306,-2250,2026-08-26T02:21:59.511924+00:00
2025,13117,北区,30499,27300,3199,2026-08-26T02:21:59.511924+00:00
2025,13118,荒川区,17612,16927,685,2026-08-26T02:21:59.511924+00:00
2025,13119,板橋区,41275,37413,3862,2026-08-26T02:21:59.511924+00:00
2025,13120,練馬区,45308,40722,4586,2026-08-26T02:21:59.511924+00:00
2025,13121,足立区,41658,35288,6370,2026-08-26T02:21:59.511924+00:00
2025,13122,葛飾区,26994,25289,1705,2026-08-26T02:21:59.511924+00:00
2025,13123,江戸川区,38642,36100,2542,2026-08-26T02:21:59.511924+00:00
2025,13201,八王子市,23925,21185,2740,2026-08-26T02:21:59.511924+00:00
2025,13202,立川市,11221,9369,1852,2026-08-26T02:21:59.511924+00:00
2025,13203,武蔵野市,9569,9442,127,2026-08-26T02:21:59.511924+00:00
2025,13204,三鷹市,11443,10381,1062,2026-08-26T02:21:59.511924+00:00
2025,13205,青梅市,4797,4247,550,2026-08-26T02:21:59.511924+00:00
2025,13206,府中市,14192,12314,1878,2026-08-26T02:21:59.511924+00:00
2025,13207,昭島市,5670,4754,916,2026-08-26T02:21:59.511924+00:00
2025,13208,調布市,13979,12068,1911,2026-08-26T02:21:59.511924+00:00
2025,13209,町田市,17963,15025,2938,2026-08-26T02:21:59.511924+00:00
2025,13210,小金井市,8246,7497,749,2026-08-26T02:21:59.511924+00:00
2025,13211,小平市,10638,9471,1167,2026-08-26T02:21:59.511924+00:00
2025,13212,日野市,9288,8028,1260,2026-08-26T02:21:59.511924+00:00
2025,13213,東村山市,7130,6087,1043,2026-08-26T02:21:59.511924+00:00
2025,13214,国分寺市,7792,7034,758,2026-08-26T02:21:59.511924+00:00
2025,13215,国立市,4817,4176,641,2026-08-26T02:21:59.511924+00:00
2025,13218,福生市,3653,3434,219,2026-08-26T02:21:59.511924+00:00
2025,13219,狛江市,4640,4183,457,2026-08-26T02:21:59.511924+00:00
2025,13220,東大和市,3450,2995,455,2026-08-26T02:21:59.511924+00:00
2025,13221,清瀬市,4218,3133,1085,2026-08-26T02:21:59.511924+00:00
2025,13222,東久留米市,5320,4411,909,2026-08-26T02:21:59.511924+00:00
2025,13223,武蔵村山市,3121,2687,434,2026-08-26T02:21:59.511924+00:00
2025,13224,多摩市,6919,6037,882,2026-08-26T02:21:59.511924+00:00
2025,13225,稲城市,4641,3935,706,2026-08-26T02:21:59.511924+00:00
2025,13227,羽村市,2589,2624,-35,2026-08-26T02:21:59.511924+00:00
2025,13228,あきる野市,2554,2527,27,2026-08-26T02:21:59.511924+00:00
2025,13229,西東京市,11037,9803,1234,2026-08-26T02:21:59.511924+00:00
2025,13303,瑞穂町,1366,1129,237,2026-08-26T02:21:59.511924+00:00
2025,13305,日の出町,563,487,76,2026-08-26T02:21:59.511924+00:00
2025,13307,檜原村,99,55,44,2026-08-26T02:21:59.511924+00:00
2025,13308,奥多摩町,188,139,49,2026-08-26T02:21:59.511924+00:00
2025,13361,大島町,432,566,-134,2026-08-26T02:21:59.511924+00:00
2025,13362,利島村,34,39,-5,2026-08-26T02:21:59.511924+00:00
2025,13363,新島村,113,154,-41,2026-08-26T02:21:59.511924+00:00
2025,13364,神津島村,98,105,-7,2026-08-26T02:21:59.511924+00:00
2025,13381,三宅村,173,215,-42,2026-08-26T02:21:59.511924+00:00
2025,13382,御蔵島村,29,46,-17,2026-08-26T02:21:59.511924+00:00
2025,13401,八丈町,358,426,-68,2026-08-26T02:21:59.511924+00:00
2025,13402,青ヶ島村,28,32,-4,2026-08-26T02:21:59.511924+00:00
2025,13421,小笠原村,266,297,-31,2026-08-26T02:21:59.511924+00:00
